<?xml version="1.0" encoding="UTF-8"?><MD_Metadata xmlns:gts="http://www.isotc211.org/2005/gts" xmlns:gco="http://www.isotc211.org/2005/gco" xmlns:xalan="http://xml.apache.org/xalan" xmlns:srv="http://www.isotc211.org/2005/srv" xmlns:gmx="http://www.isotc211.org/2005/gmx" xmlns:xlink="http://www.w3.org/1999/xlink" xmlns:xsi="http://www.w3.org/2001/XMLSchema-instance" xmlns:gml="http://www.opengis.net/gml" xmlns="http://www.isotc211.org/2005/gmd">
    <fileIdentifier>
        <gco:CharacterString>fb32d3871a5640a986b72087c4121125</gco:CharacterString>
    </fileIdentifier>
    <characterSet>
        <MD_CharacterSetCode codeList="http://www.isotc211.org/2005/resources/Codelist/gmxCodelists.xml#MD_CharacterSetCode" codeListValue="utf8" codeSpace="ISOTC211/19115">utf8</MD_CharacterSetCode>
    </characterSet>
    <hierarchyLevel>
        <MD_ScopeCode codeList="http://www.isotc211.org/2005/resources/Codelist/gmxCodelists.xml#MD_ScopeCode" codeListValue="dataset" codeSpace="ISOTC211/19115">dataset</MD_ScopeCode>
    </hierarchyLevel>
    <hierarchyLevelName>
        <gco:CharacterString>Dataset</gco:CharacterString>
    </hierarchyLevelName>
    <contact>
        <CI_ResponsibleParty>
            <individualName>
                <gco:CharacterString>Melanie Williams</gco:CharacterString>
            </individualName>
            <organisationName>
                <gco:CharacterString>ESRI: 102719</gco:CharacterString>
            </organisationName>
            <positionName>
                <gco:CharacterString>DWR GIS Coordinator</gco:CharacterString>
            </positionName>
            <contactInfo>
                <CI_Contact>
                    <address>
                        <CI_Address>
                            <electronicMailAddress>
                                <gco:CharacterString>melanie.williams@ncdenr.gov</gco:CharacterString>
                            </electronicMailAddress>
                        </CI_Address>
                    </address>
                </CI_Contact>
            </contactInfo>
            <role>
                <CI_RoleCode codeList="http://www.isotc211.org/2005/resources/Codelist/gmxCodelists.xml#CI_RoleCode" codeListValue="pointOfContact" codeSpace="ISOTC211/19115">pointOfContact</CI_RoleCode>
            </role>
        </CI_ResponsibleParty>
    </contact>
    <dateStamp>
        <gco:Date>2021-04-16</gco:Date>
    </dateStamp>
    <metadataStandardName>
        <gco:CharacterString>ISO 19139 Geographic Information - Metadata - Implementation Specification</gco:CharacterString>
    </metadataStandardName>
    <metadataStandardVersion>
        <gco:CharacterString>2007</gco:CharacterString>
    </metadataStandardVersion>
    <referenceSystemInfo>
        <MD_ReferenceSystem>
            <referenceSystemIdentifier>
                <RS_Identifier>
                    <code>
                        <gco:CharacterString>ESRI: 102719</gco:CharacterString>
                    </code>
                </RS_Identifier>
            </referenceSystemIdentifier>
        </MD_ReferenceSystem>
    </referenceSystemInfo>
    <identificationInfo>
        <MD_DataIdentification>
            <citation>
                <CI_Citation>
                    <title>
                        <gco:CharacterString>NC Surface Water Supply Watersheds</gco:CharacterString>
                    </title>
                    <date>
                        <CI_Date>
                            <date>
                                <gco:Date>2014-12-23</gco:Date>
                            </date>
                            <dateType>
                                <CI_DateTypeCode codeList="http://www.isotc211.org/2005/resources/Codelist/gmxCodelists.xml#CI_DateTypeCode" codeListValue="creation" codeSpace="ISOTC211/19115">creation</CI_DateTypeCode>
                            </dateType>
                        </CI_Date>
                    </date>
                    <date>
                        <CI_Date>
                            <date>
                                <gco:Date>2014-12-23</gco:Date>
                            </date>
                            <dateType>
                                <CI_DateTypeCode codeList="http://www.isotc211.org/2005/resources/Codelist/gmxCodelists.xml#CI_DateTypeCode" codeListValue="publication" codeSpace="ISOTC211/19115">publication</CI_DateTypeCode>
                            </dateType>
                        </CI_Date>
                    </date>
                    <citedResponsibleParty>
                        <CI_ResponsibleParty>
                            <individualName>
                                <gco:CharacterString>Chris Ventaloro</gco:CharacterString>
                            </individualName>
                            <organisationName>
                                <gco:CharacterString>NC DEQ - Division of Water Resources, Planning Section, Classifications and Standards Branch</gco:CharacterString>
                            </organisationName>
                            <contactInfo>
                                <CI_Contact>
                                    <address>
                                        <CI_Address>
                                            <electronicMailAddress>
                                                <gco:CharacterString>christopher.ventaloro@ncdenr.gov</gco:CharacterString>
                                            </electronicMailAddress>
                                        </CI_Address>
                                    </address>
                                </CI_Contact>
                            </contactInfo>
                            <role>
                                <CI_RoleCode codeList="http://www.isotc211.org/2005/resources/Codelist/gmxCodelists.xml#CI_RoleCode" codeListValue="pointOfContact" codeSpace="ISOTC211/19115">pointOfContact</CI_RoleCode>
                            </role>
                        </CI_ResponsibleParty>
                    </citedResponsibleParty>
                </CI_Citation>
            </citation>
            <abstract>
                <gco:CharacterString>This feature layer displays the protected and critical areas of water supply watersheds as designated by NC DEQ Division of Water Resources.  This data was uploaded in November 2014.  Additional information about water supply watersheds and how these areas are classified and the rules that accompany these classifications, can be found on the NC DEQ-DWR Classifications and Standards website.This feature layer can be found in the NC Surface Water Classification map application.</gco:CharacterString>
            </abstract>
            <purpose>
                <gco:CharacterString>Water Supply Watersheds are classified by the State of North Carolina to assist in the protection of drinking water supplies.</gco:CharacterString>
            </purpose>
            <credit>
                <gco:CharacterString>NCDEQ - Division of Water Resources</gco:CharacterString>
            </credit>
            <descriptiveKeywords>
                <MD_Keywords>
                    <keyword>
                        <gco:CharacterString>Classifications</gco:CharacterString>
                    </keyword>
                    <keyword>
                        <gco:CharacterString>NC</gco:CharacterString>
                    </keyword>
                    <keyword>
                        <gco:CharacterString>NCDEQ</gco:CharacterString>
                    </keyword>
                    <keyword>
                        <gco:CharacterString>Division of Water Resources</gco:CharacterString>
                    </keyword>
                    <keyword>
                        <gco:CharacterString>DWR</gco:CharacterString>
                    </keyword>
                    <keyword>
                        <gco:CharacterString>Water</gco:CharacterString>
                    </keyword>
                    <keyword>
                        <gco:CharacterString>Surface Water Classifications</gco:CharacterString>
                    </keyword>
                    <type>
                        <MD_KeywordTypeCode codeList="http://www.isotc211.org/2005/resources/Codelist/gmxCodelists.xml#MD_KeywordTypeCode" codeListValue="theme" codeSpace="ISOTC211/19115">theme</MD_KeywordTypeCode>
                    </type>
                </MD_Keywords>
            </descriptiveKeywords>
            <descriptiveKeywords>
                <MD_Keywords>
                    <keyword>
                        <gco:CharacterString>Classifications</gco:CharacterString>
                    </keyword>
                    <keyword>
                        <gco:CharacterString>NC</gco:CharacterString>
                    </keyword>
                    <keyword>
                        <gco:CharacterString>NCDEQ</gco:CharacterString>
                    </keyword>
                    <keyword>
                        <gco:CharacterString>Division of Water Resources</gco:CharacterString>
                    </keyword>
                    <keyword>
                        <gco:CharacterString>DWR</gco:CharacterString>
                    </keyword>
                    <keyword>
                        <gco:CharacterString>Water</gco:CharacterString>
                    </keyword>
                    <keyword>
                        <gco:CharacterString>Surface Water Classifications</gco:CharacterString>
                    </keyword>
                    <type>
                        <MD_KeywordTypeCode codeList="http://www.isotc211.org/2005/resources/Codelist/gmxCodelists.xml#MD_KeywordTypeCode" codeListValue="theme" codeSpace="ISOTC211/19115">theme</MD_KeywordTypeCode>
                    </type>
                </MD_Keywords>
            </descriptiveKeywords>
            <descriptiveKeywords>
                <MD_Keywords>
                    <keyword>
                        <gco:CharacterString>Classifications</gco:CharacterString>
                    </keyword>
                    <keyword>
                        <gco:CharacterString>NC</gco:CharacterString>
                    </keyword>
                    <keyword>
                        <gco:CharacterString>NCDEQ</gco:CharacterString>
                    </keyword>
                    <keyword>
                        <gco:CharacterString>Division of Water Resources</gco:CharacterString>
                    </keyword>
                    <keyword>
                        <gco:CharacterString>DWR</gco:CharacterString>
                    </keyword>
                    <keyword>
                        <gco:CharacterString>Water</gco:CharacterString>
                    </keyword>
                    <keyword>
                        <gco:CharacterString>Surface Water Classifications</gco:CharacterString>
                    </keyword>
                    <type>
                        <MD_KeywordTypeCode codeList="http://www.isotc211.org/2005/resources/Codelist/gmxCodelists.xml#MD_KeywordTypeCode" codeListValue="theme" codeSpace="ISOTC211/19115">theme</MD_KeywordTypeCode>
                    </type>
                </MD_Keywords>
            </descriptiveKeywords>
            <descriptiveKeywords>
                <MD_Keywords>
                    <keyword>
                        <gco:CharacterString>Classifications</gco:CharacterString>
                    </keyword>
                    <keyword>
                        <gco:CharacterString>NC</gco:CharacterString>
                    </keyword>
                    <keyword>
                        <gco:CharacterString>NCDEQ</gco:CharacterString>
                    </keyword>
                    <keyword>
                        <gco:CharacterString>Division of Water Resources</gco:CharacterString>
                    </keyword>
                    <keyword>
                        <gco:CharacterString>DWR</gco:CharacterString>
                    </keyword>
                    <keyword>
                        <gco:CharacterString>Water</gco:CharacterString>
                    </keyword>
                    <keyword>
                        <gco:CharacterString>Surface Water Classifications</gco:CharacterString>
                    </keyword>
                    <type>
                        <MD_KeywordTypeCode codeList="http://www.isotc211.org/2005/resources/Codelist/gmxCodelists.xml#MD_KeywordTypeCode" codeListValue="theme" codeSpace="ISOTC211/19115">theme</MD_KeywordTypeCode>
                    </type>
                </MD_Keywords>
            </descriptiveKeywords>
            <descriptiveKeywords>
                <MD_Keywords>
                    <keyword>
                        <gco:CharacterString>Classifications</gco:CharacterString>
                    </keyword>
                    <keyword>
                        <gco:CharacterString>NC</gco:CharacterString>
                    </keyword>
                    <keyword>
                        <gco:CharacterString>NCDEQ</gco:CharacterString>
                    </keyword>
                    <keyword>
                        <gco:CharacterString>Division of Water Resources</gco:CharacterString>
                    </keyword>
                    <keyword>
                        <gco:CharacterString>DWR</gco:CharacterString>
                    </keyword>
                    <keyword>
                        <gco:CharacterString>Water</gco:CharacterString>
                    </keyword>
                    <keyword>
                        <gco:CharacterString>Surface Water Classifications</gco:CharacterString>
                    </keyword>
                    <type>
                        <MD_KeywordTypeCode codeList="http://www.isotc211.org/2005/resources/Codelist/gmxCodelists.xml#MD_KeywordTypeCode" codeListValue="theme" codeSpace="ISOTC211/19115">theme</MD_KeywordTypeCode>
                    </type>
                </MD_Keywords>
            </descriptiveKeywords>
            <descriptiveKeywords>
                <MD_Keywords>
                    <keyword>
                        <gco:CharacterString>Classifications</gco:CharacterString>
                    </keyword>
                    <keyword>
                        <gco:CharacterString>NC</gco:CharacterString>
                    </keyword>
                    <keyword>
                        <gco:CharacterString>NCDEQ</gco:CharacterString>
                    </keyword>
                    <keyword>
                        <gco:CharacterString>Division of Water Resources</gco:CharacterString>
                    </keyword>
                    <keyword>
                        <gco:CharacterString>DWR</gco:CharacterString>
                    </keyword>
                    <keyword>
                        <gco:CharacterString>Water</gco:CharacterString>
                    </keyword>
                    <keyword>
                        <gco:CharacterString>Surface Water Classifications</gco:CharacterString>
                    </keyword>
                    <type>
                        <MD_KeywordTypeCode codeList="http://www.isotc211.org/2005/resources/Codelist/gmxCodelists.xml#MD_KeywordTypeCode" codeListValue="theme" codeSpace="ISOTC211/19115">theme</MD_KeywordTypeCode>
                    </type>
                </MD_Keywords>
            </descriptiveKeywords>
            <descriptiveKeywords>
                <MD_Keywords>
                    <keyword>
                        <gco:CharacterString>Classifications</gco:CharacterString>
                    </keyword>
                    <keyword>
                        <gco:CharacterString>NC</gco:CharacterString>
                    </keyword>
                    <keyword>
                        <gco:CharacterString>NCDEQ</gco:CharacterString>
                    </keyword>
                    <keyword>
                        <gco:CharacterString>Division of Water Resources</gco:CharacterString>
                    </keyword>
                    <keyword>
                        <gco:CharacterString>DWR</gco:CharacterString>
                    </keyword>
                    <keyword>
                        <gco:CharacterString>Water</gco:CharacterString>
                    </keyword>
                    <keyword>
                        <gco:CharacterString>Surface Water Classifications</gco:CharacterString>
                    </keyword>
                    <type>
                        <MD_KeywordTypeCode codeList="http://www.isotc211.org/2005/resources/Codelist/gmxCodelists.xml#MD_KeywordTypeCode" codeListValue="theme" codeSpace="ISOTC211/19115">theme</MD_KeywordTypeCode>
                    </type>
                </MD_Keywords>
            </descriptiveKeywords>
            <resourceConstraints>
                <MD_LegalConstraints>
                    <useLimitation>
                        <gco:CharacterString>The North Carolina Department of Environmental Quality shall not be held liable for any errors in this metadata.  This includes errors of omission, commission, errors concerning the content of the data, and relative and positional accuracy of the data.  These data cannot be construed to be a legal document.  Primary sources from which these data were compiled must be consulted for verification of information contained in these data.</gco:CharacterString>
                    </useLimitation>
                </MD_LegalConstraints>
            </resourceConstraints>
            <resourceConstraints>
                <MD_LegalConstraints>
                    <accessConstraints>
                        <MD_RestrictionCode codeList="http://www.isotc211.org/2005/resources/Codelist/gmxCodelists.xml#MD_RestrictionCode" codeListValue="otherRestrictions" codeSpace="ISOTC211/19115">otherRestrictions</MD_RestrictionCode>
                    </accessConstraints>
                    <otherConstraints>
                        <gco:CharacterString>Other Constraints</gco:CharacterString>
                    </otherConstraints>
                </MD_LegalConstraints>
            </resourceConstraints>
            <resourceConstraints>
                <MD_LegalConstraints>
                    <useConstraints>
                        <MD_RestrictionCode codeList="http://www.isotc211.org/2005/resources/Codelist/gmxCodelists.xml#MD_RestrictionCode" codeListValue="otherRestrictions" codeSpace="ISOTC211/19115">otherRestrictions</MD_RestrictionCode>
                    </useConstraints>
                    <otherConstraints>
                        <gco:CharacterString>Other Constraints</gco:CharacterString>
                    </otherConstraints>
                </MD_LegalConstraints>
            </resourceConstraints>
            <language>
                <LanguageCode codeList="http://www.loc.gov/standards/iso639-2/php/code_list.php" codeListValue="eng" codeSpace="ISO639-2">eng</LanguageCode>
            </language>
            <characterSet>
                <MD_CharacterSetCode codeList="http://www.isotc211.org/2005/resources/Codelist/gmxCodelists.xml#MD_CharacterSetCode" codeListValue="utf8" codeSpace="ISOTC211/19115">utf8</MD_CharacterSetCode>
            </characterSet>
            <topicCategory>
                <MD_TopicCategoryCode>environment</MD_TopicCategoryCode>
            </topicCategory>
            <extent>
                <EX_Extent>
                    <geographicElement>
                        <EX_GeographicBoundingBox>
                            <extentTypeCode>
                                <gco:Boolean>true</gco:Boolean>
                            </extentTypeCode>
                            <westBoundLongitude>
                                <gco:Decimal>-84.654</gco:Decimal>
                            </westBoundLongitude>
                            <eastBoundLongitude>
                                <gco:Decimal>-75.2278</gco:Decimal>
                            </eastBoundLongitude>
                            <southBoundLatitude>
                                <gco:Decimal>33.696</gco:Decimal>
                            </southBoundLatitude>
                            <northBoundLatitude>
                                <gco:Decimal>37.0631</gco:Decimal>
                            </northBoundLatitude>
                        </EX_GeographicBoundingBox>
                    </geographicElement>
                    <temporalElement>
                        <EX_TemporalExtent>
                            <extent>
                                <gml:TimeInstant gml:id="N65764">
                                    <gml:timePosition>2014-12-23T00:00:00+00:00</gml:timePosition>
                                </gml:TimeInstant>
                            </extent>
                        </EX_TemporalExtent>
                    </temporalElement>
                </EX_Extent>
            </extent>
        </MD_DataIdentification>
    </identificationInfo>
    <contentInfo>
        <MD_FeatureCatalogueDescription>
            <complianceCode>
                <gco:Boolean>true</gco:Boolean>
            </complianceCode>
            <language>
                <LanguageCode codeList="http://www.loc.gov/standards/iso639-2/php/code_list.php" codeListValue="eng" codeSpace="ISO639-2">eng</LanguageCode>
            </language>
            <includedWithDataset>
                <gco:Boolean>true</gco:Boolean>
            </includedWithDataset>
            <featureCatalogueCitation>
                <CI_Citation>
                    <title>
                        <gco:CharacterString>NC Surface Water Supply Watersheds</gco:CharacterString>
                    </title>
                    <date>
                        <CI_Date>
                            <date>
                                <gco:Date>2014-12-23</gco:Date>
                            </date>
                            <dateType>
                                <CI_DateTypeCode codeList="http://www.isotc211.org/2005/resources/Codelist/gmxCodelists.xml#CI_DateTypeCode" codeListValue="publication" codeSpace="ISOTC211/19115">publication</CI_DateTypeCode>
                            </dateType>
                        </CI_Date>
                    </date>
                </CI_Citation>
            </featureCatalogueCitation>
        </MD_FeatureCatalogueDescription>
    </contentInfo>
    <distributionInfo>
        <MD_Distribution>
            <transferOptions>
                <MD_DigitalTransferOptions>
                    <onLine>
                        <CI_OnlineResource>
                            <linkage>
                                <URL>https://services2.arcgis.com/kCu40SDxsCGcuUWO/arcgis/rest/services/dwq_wsws_20141126/FeatureServer</URL>
                            </linkage>
                        </CI_OnlineResource>
                    </onLine>
                </MD_DigitalTransferOptions>
            </transferOptions>
        </MD_Distribution>
    </distributionInfo>
    <dataQualityInfo>
        <DQ_DataQuality>
            <scope>
                <DQ_Scope>
                    <level>
                        <MD_ScopeCode codeList="http://www.isotc211.org/2005/resources/Codelist/gmxCodelists.xml#MD_ScopeCode" codeListValue="service" codeSpace="ISOTC211/19115">service</MD_ScopeCode>
                    </level>
                    <levelDescription>
                        <MD_ScopeDescription>
                            <attributes uuidref="ArcGIS Online"/>
                        </MD_ScopeDescription>
                    </levelDescription>
                </DQ_Scope>
            </scope>
        </DQ_DataQuality>
    </dataQualityInfo>
</MD_Metadata>
