<?xml version="1.0" encoding="UTF-8"?><metadata>
    <idinfo>
        <citation>
            <citeinfo>
                <origin/>
                <pubdate>20020702</pubdate>
                <title>Major Hydrography</title>
                <geoform>vector digital data</geoform>
                <pubinfo>
                    <pubplace/>
                    <publish>NC Center for Geographic Information and Analysis</publish>
                </pubinfo>
                <othercit>NCCGIA distributes this dataset</othercit>
                <onlink>http://www.nconemap.gov</onlink>
            </citeinfo>
        </citation>
        <descript>
            <abstract>The NC Center for Geographic Information and Analysis, developed this digital Major Hydrography data to enhance planning, siting and impact analysis in areas directly affecting surface waters consisting of streams and rivers, lakes, reservoirs, and shorelines. The data is a subset of the 1:24,000-scale detailed hydrography data. This file is updated as changes occur.</abstract>
            <purpose>This data was created to assist governmental agencies and others in making resource management decisions through the use of a Geographic Information System (GIS) where information on general hydrographic features is needed.</purpose>
            <supplinf>system filename: hydromaj file size = 6.40 mb Revisions and updates to this layer include: 3.) Previous 1:100,000-scale version was used to select hydro features from 1:24,000-scale coverage to create a new subset of the detailed hydro for purposes of larger scale mapping and making additional attributes available in the major hydrography coverage. Arcs and polygons were created as major_hydro_arcs.shp and major_hydro_polys.shp. In the shapefile version of the polygons, label = 216 was excluded (water offshore) to make the shapefile more suitable for cartographic purposes. 2.) filename: hydromaj299 The February 9, 1999 updates include: a.) Projecting the data from NAD27 datum, State Plane projection, units of measure feet TO: NAD83 DATUM, State Plane PROJECTION, UNITS OF MEASURE METERS. This was done to comply with the NC Geographic Information Coordinating Council's "Statement of Direction for North Carolina Corporate Geographic Database Horizontal Reference, Datum and Unit of Measure". This reprojecting was done in various ways depending on the data type and content. Vector data was projected using the 'project' command in ESRI's Arc software and topology was cleaned and built based on coverage needs. Raster data was projected using ESRI's Grid module and various steps as applicable. b.) Replaced the lake boundary for Falls Lake. Corrected lake boundary digitized from US Army Corps of Engineers 51.5 foot contour overlay that was transferred onto 1:24,000-scale topo sheets. (The original lake contours were surveyed incorrectly and the lake level has since been raised to the correct 251.5 ft level.) c.) Added more detailed stream annotation (anno level 1 - primary streams; anno level 2 - secondary streams). 1.) filename: hydromaj997 The original version was dated September 1997. (perviousl named majhydro) Any previous versions were not offical database releases.</supplinf>
        </descript>
        <timeperd>
            <timeinfo>
                <rngdates>
                    <begdate>19970901</begdate>
                    <enddate>19990209</enddate>
                </rngdates>
            </timeinfo>
            <current>Data creation and revision dates</current>
        </timeperd>
        <status>
            <progress>Complete</progress>
            <update>As needed</update>
        </status>
        <spdom>
            <bounding>
                <westbc>-84.386645</westbc>
                <eastbc>-75.424383</eastbc>
                <northbc>36.614927</northbc>
                <southbc>33.740263</southbc>
            </bounding>
        </spdom>
        <keywords>
            <theme>
                <themekt>None</themekt>
                <themekey>Hydrography</themekey>
                <themekey>Surface waters</themekey>
            </theme>
            <theme>
                <themekt>ISO 19115 Topic Category</themekt>
                <themekey>inlandWaters</themekey>
            </theme>
            <place>
                <placekt>William S. Powell, The North Carolina GAZETTEER, A Dictionary of Tar Heel Places, (Chapel Hill: University of North Carolina Press), August 1984.</placekt>
                <placekey>North Carolina</placekey>
            </place>
        </keywords>
        <accconst>Other Constraints</accconst>
        <useconst>https://www.nconemap.gov/pages/terms</useconst>
        <ptcontac>
            <cntinfo>
                <cntorgp>
                    <cntorg>NCCGIA</cntorg>
                    <cntper>David Giordano</cntper>
                </cntorgp>
                <cntpos>Database Administrator</cntpos>
                <cntaddr>
                    <addrtype>physical</addrtype>
                    <address>333 E. Six Forks Rd.</address>
                    <city>Raleigh</city>
                    <state>North Carolina</state>
                    <postal>27609</postal>
                    <country>US</country>
                </cntaddr>
                <cntvoice>919-754-6580</cntvoice>
                <cntfax>919-715-8551</cntfax>
                <cntemail>dataq@its.nc.gov</cntemail>
                <hours>8am to 5pm</hours>
                <cntinst>Phone and electronic mail preferred</cntinst>
            </cntinfo>
        </ptcontac>
        <native>Esri ArcGIS 12.9.3.32739</native>
    </idinfo>
    <dataqual>
        <attracc>
            <attraccr>All attribute codes have been extensively edited for accuracy by the associated agency. Stream codes, classifications and use support - NCDENR, DWQ; Linework, DLG code - NCCGIA. Attribute accuracy is considered high.</attraccr>
        </attracc>
        <logic>Using ESRI's ARC/INFO GIS software, the dataset was built for arc and polygon topology using the "build" command. The data set was then cleaned with a fuzzy tolerance of 1 meter. Topology has not been edited since the last build or clean.</logic>
        <complete>These data represent the locations and identities of surface waters consisting of streams and rivers, lakes, ponds, and shorelines, as depicted on USGS 1:24,000-scale digital line graphs and supplemented to reflect hydrographic features classified by the state but not represented on the original DLG linework. Each stream reach is labeled with stream classification and use support information. All stream segments are approved by DWQ whether they are the original DWQ boundaries or changes to original boundaries.</complete>
        <posacc>
            <horizpa>
                <horizpar>Hydrography 1:24,000-scale features were taken from the USGS 1:24,000-scale DLGs.</horizpar>
            </horizpa>
        </posacc>
        <lineage>
            <srcinfo>
                <srccite>
                    <citeinfo>
                        <pubdate>19900101</pubdate>
                        <title>USGS 7.5 Minute series quadrangles</title>
                    </citeinfo>
                </srccite>
                <srcscale>24000</srcscale>
                <typesrc>hardcopyPaper</typesrc>
                <srctime>
                    <timeinfo>
                        <rngdates>
                            <begdate>19380101</begdate>
                            <enddate>19900101</enddate>
                        </rngdates>
                    </timeinfo>
                    <srccurr>Publication dates of quadrangles</srccurr>
                </srctime>
                <srccitea>USGS 7.5 Minute series quadrangles</srccitea>
                <srccontr>Paper maps used to locate the stream reaches</srccontr>
            </srcinfo>
            <srcinfo>
                <srccite>
                    <citeinfo>
                        <pubdate>19990301</pubdate>
                        <title>Detailed Hydrography (1:24,000 scale)</title>
                    </citeinfo>
                </srccite>
                <srcscale>24000</srcscale>
                <typesrc>hardcopyPaper</typesrc>
                <srctime>
                    <timeinfo>
                        <rngdates>
                            <begdate>19980601</begdate>
                        </rngdates>
                    </timeinfo>
                    <srccurr>Original release date</srccurr>
                </srctime>
                <srccitea>Detailed Hydrography (1:24,000 scale)</srccitea>
                <srccontr>Use support spreadsheet and stream classification schedules</srccontr>
            </srcinfo>
            <srcinfo>
                <srccite>
                    <citeinfo>
                        <pubdate>19990115</pubdate>
                        <title>Hydrography with Use Support (1:100,000)</title>
                    </citeinfo>
                </srccite>
                <srcscale>24000</srcscale>
                <typesrc>hardcopyPaper</typesrc>
                <srctime>
                    <timeinfo>
                        <rngdates>
                            <begdate>19980601</begdate>
                            <enddate>19990901</enddate>
                        </rngdates>
                    </timeinfo>
                    <srccurr>Original release date</srccurr>
                </srctime>
                <srccitea>Hydrography with Use Support (1:100,000)</srccitea>
                <srccontr>Edgematching of 100k tiles, clipping of coverage to river basins,editing of ARC/INFO files to split arcs to match DWQ use support reaches, additional attributes added for use support and stream classification information.</srccontr>
            </srcinfo>
            <srcinfo>
                <srccite>
                    <citeinfo>
                        <pubdate>19970721</pubdate>
                        <title>Hydrography 100000</title>
                    </citeinfo>
                </srccite>
                <srcscale>100000</srcscale>
                <typesrc>hardcopyPaper</typesrc>
                <srctime>
                    <timeinfo>
                        <rngdates>
                            <begdate>19880101</begdate>
                            <enddate>19970721</enddate>
                        </rngdates>
                    </timeinfo>
                    <srccurr>Original release date of hybrid hydro files</srccurr>
                </srctime>
                <srccitea>Hydrography 100000</srccitea>
                <srccontr>Locations of surface waters consisting of streams and rivers, lakes, ponds, and shorelines combined from both 1:24,000 and 1:100,000-scale sources.</srccontr>
            </srcinfo>
            <srcinfo>
                <srccite>
                    <citeinfo>
                        <pubdate>19981231</pubdate>
                        <title>Use Support/hydrography project</title>
                    </citeinfo>
                </srccite>
                <srcscale>24000</srcscale>
                <typesrc>None</typesrc>
                <srctime>
                    <timeinfo>
                        <rngdates>
                            <begdate>19980101</begdate>
                            <enddate>19980101</enddate>
                        </rngdates>
                    </timeinfo>
                    <srccurr>Original release date</srccurr>
                </srctime>
                <srccitea>Use Support/hydrography project</srccitea>
                <srccontr>Creation of statewide 100k hydrography by joining 1:100,000 tiles; attributed files with 305(b) data received from DWQ.</srccontr>
            </srcinfo>
            <procstep>
                <procdesc>1:100,000-scale Digital Line Graph Files were taken from the USGS and refined. Post DLG and data refinements include: a) Translation of DLG to ARC/INFO data format b) Review and correction for incompleteness and/or incorrect DLG attributes c) Internal and external (in-progress) coordinate edgematching of features along map edges d) Addition of hydrographic features as required by DWQ for stream classifications e) Addition of hydrographic attributes as identified in attribute table specifications f) Deletion of all swamp apparent limits and area label points DWQ Stream classification index numbers were marked onto 1:24,000-scale vellum plots of the 1:100,000-scale hydrography. The index numbers were added to the digital files on screen. Where streams were coded by DWQ but not present in the digital file, 1:24,000-scale hydrographic features were digitized off of USGS base maps. Index numbers, stream classes, and stream locations were checked by DWQ using plots generated by CGIA. The linework is tiled to 1:100,000-scale map extents and stored in a digital library. These files are updated as needed.</procdesc>
                <procdate>19970721</procdate>
                <proccont>
                    <cntinfo>
                        <cntorgp>
                            <cntorg>NCCGIA</cntorg>
                            <cntper>David Giordano</cntper>
                        </cntorgp>
                        <cntpos>Database Administrator</cntpos>
                        <cntaddr>
                            <addrtype>mailing</addrtype>
                            <address>20322 Mail Service Center</address>
                            <city>Raleigh</city>
                            <state>North Carolina</state>
                            <postal>27699</postal>
                            <country>US</country>
                        </cntaddr>
                        <cntvoice>919-754-6580</cntvoice>
                        <cntfax>919-715-8551</cntfax>
                        <cntemail>dataq@its.nc.gov</cntemail>
                        <hours>8am to 5pm</hours>
                        <cntinst>Phone and electronic mail preferred</cntinst>
                    </cntinfo>
                </proccont>
            </procstep>
            <procstep>
                <procdesc>Water quality for specific stream reaches was evaluated by DWQ and a use support rating assigned. This rating identifies how well a stream reach meets its designated uses. Ratings and additional attributes are maintained in an ACCESS database or EXCEL spreadsheet and updated by river basin on a 5-year rotation. DWQ provided this spreadsheet to RTI for joining to the 100k hydrography data layer. DWQ provides CGIA with updates as they occur.</procdesc>
                <procdate>19970831</procdate>
                <proccont>
                    <cntinfo>
                        <cntorgp>
                            <cntorg>NC DEQ - Div. of Water Quality, Water Quality Planning Section</cntorg>
                            <cntper>Andrea Leslie</cntper>
                        </cntorgp>
                        <cntpos>Use Support Coordinator</cntpos>
                        <cntaddr>
                            <addrtype>mailing and physical</addrtype>
                            <address>1617 Mail Center</address>
                            <city>Raleigh</city>
                            <state>North Carolina</state>
                            <postal>27699-1617</postal>
                            <country>US</country>
                        </cntaddr>
                        <cntvoice>(919) 733-5083</cntvoice>
                        <cntfax>(919) 715-5637</cntfax>
                        <cntemail>andrea_leslie@h2o.enr.state.nc.us</cntemail>
                        <hours>8am to 5pm</hours>
                        <cntinst>prefer telephone or e-mail</cntinst>
                    </cntinfo>
                </proccont>
            </procstep>
            <procstep>
                <procdesc>100k hydrography was obtained for North Carolina from the Geographic Information &amp; Analysis. 40 1:100,000 quadrangle tiles were imported to ArcView. Tiles were exported as .dbf files to FoxPro. A statewide FoxPro database was created. 305(b) data was obtained as an EXCEL spreadsheet from DWQ and converted to FoxPro. The 305(b) spreadsheet was joined to the hydrography data by index# using FoxPro. Shapefile created in ArcView and exported to ArcInfo. The ArcInfo file was supplied to NC CGIA for final editing.</procdesc>
                <procdate>19980601</procdate>
                <proccont>
                    <cntinfo>
                        <cntorgp>
                            <cntorg>RTI, Inc.</cntorg>
                            <cntper>Randy Dodd</cntper>
                        </cntorgp>
                        <cntpos>Environmental Scientist</cntpos>
                        <cntaddr>
                            <addrtype>mailing and physical</addrtype>
                            <address>P.O. Box 12194</address>
                            <city>Research Triangle Park</city>
                            <state>North Carolina</state>
                            <postal>27709-21194</postal>
                            <country>US</country>
                        </cntaddr>
                        <cntvoice>(919) 563-4694</cntvoice>
                        <cntfax>(919)</cntfax>
                        <cntemail>dodo@rti.org</cntemail>
                        <hours>8am to 5pm</hours>
                        <cntinst>prefer telephone or e-mail</cntinst>
                    </cntinfo>
                </proccont>
            </procstep>
            <procstep>
                <procdesc>The statewide 100k hydrography tiles were edgematched and mapjoined. The neatlines were removed and the coverage clipped to the North Carolina State boundary. This file was then clipped to the 17 river basins. Each river basin was edited such that index numbers matched. Attributes were re-named and edited in cooperation with DWQ. GIA updates the digital files as needed.</procdesc>
                <procdate>19990301</procdate>
                <proccont>
                    <cntinfo>
                        <cntorgp>
                            <cntorg>NC Center for Geographic Information and Analysis</cntorg>
                        </cntorgp>
                        <cntpos>GIS Analyst</cntpos>
                        <cntaddr>
                            <addrtype>mailing</addrtype>
                            <address>20322 Mail Service Center</address>
                            <city>Raleigh</city>
                            <state>North Carolina</state>
                            <postal>27699</postal>
                            <country>US</country>
                        </cntaddr>
                        <cntvoice>919-754-6580</cntvoice>
                        <cntfax>919-715-8551</cntfax>
                        <cntemail>dataq@its.nc.gov</cntemail>
                        <hours>8am to 5pm</hours>
                        <cntinst>Phone and electronic mail preferred</cntinst>
                    </cntinfo>
                </proccont>
            </procstep>
        </lineage>
    </dataqual>
    <spdoinfo>
        <indspref>River basin name</indspref>
        <direct>Vector</direct>
        <ptvctinf>
            <sdtsterm>
                <sdtstype>String</sdtstype>
                <ptvctcnt>21284</ptvctcnt>
            </sdtsterm>
        </ptvctinf>
    </spdoinfo>
    <eainfo>
        <detailed>
            <enttyp>
                <enttypl>Major Hydrography</enttypl>
                <enttypd>Locations of surface waters consisting of streams and rivers,lakes, ponds, and shorelines combined from both 1:24,000 and 1:100,000 -scale sources. Arc and polygn attributes include rating of how well a waterbody supports its designated uses as defined by its stream classification.</enttypd>
                <enttypds>NC DEQ - Division of Water Qualtiy, Water Quality Planning Section</enttypds>
            </enttyp>
            <attr>
                <attrlabl>COMMENT</attrlabl>
                <attrdef>Supplemental descriptive information</attrdef>
                <attrdefs>NC Center for Geographic Information and Analysis</attrdefs>
                <attrdomv>
                                        
                    
                    <udom>Varies in length and number of words</udom>
                                        
                
                </attrdomv>
                <attrmfrq>None planned</attrmfrq>
            </attr>
            <attr>
                <attrlabl>length</attrlabl>
            </attr>
            <attr>
                <attrlabl>SHAPE</attrlabl>
                <attrdef>Feature geometry.</attrdef>
                <attrdefs>ESRI</attrdefs>
                <attrdomv>
                                        
                    
                    <udom>Coordinates defining the features.</udom>
                                        
                
                </attrdomv>
                <attrmfrq>non planned</attrmfrq>
            </attr>
            <attr>
                <attrlabl>TEST_ID</attrlabl>
                <attrdef>Polygon internal identification number</attrdef>
                <attrdefs>Software computed</attrdefs>
                <attrdomv>
                                        
                    
                    <udom>Software computed</udom>
                                        
                
                </attrdomv>
                <attrmfrq>None planned</attrmfrq>
            </attr>
            <attr>
                <attrlabl>MINOR1</attrlabl>
                <attrdef>DLG standard code for feature</attrdef>
                <attrdefs>US Geological Survey</attrdefs>
                <attrdomv>
                                        
                    
                    <codesetd>
                                                
                        
                        <codesetn>Standards for Digital Line Graphs</codesetn>
                                                
                        
                        <codesets>US Geological Survey, NMD</codesets>
                                                
                    
                    </codesetd>
                                        
                
                </attrdomv>
                <attrmfrq>None planned</attrmfrq>
            </attr>
            <attr>
                <attrlabl>MINOR2</attrlabl>
                <attrdef>DLG standard code for feature</attrdef>
                <attrdefs>US Geological Survey</attrdefs>
                <attrdomv>
                                        
                    
                    <codesetd>
                                                
                        
                        <codesetn>Standards for Digital Line Graphs</codesetn>
                                                
                        
                        <codesets>US Geological Survey, NMD</codesets>
                                                
                    
                    </codesetd>
                                        
                
                </attrdomv>
                <attrmfrq>None planned</attrmfrq>
            </attr>
            <attr>
                <attrlabl>STREAM_NAM</attrlabl>
                <attrdef>Stream name as listed in DWQ Classification Guide</attrdef>
                <attrdefs>NC DEQ-Div of Water Quality, Water Quality Section</attrdefs>
                <attrdomv>
                                        
                    
                    <udom>Names of streams vary in length and number of words.</udom>
                                        
                
                </attrdomv>
                <attrmfrq>As needed</attrmfrq>
            </attr>
            <attr>
                <attrlabl>RIV_BASIN</attrlabl>
                <attrdef>River basin</attrdef>
                <attrdefs>NC DEQ-Div of Water Quality, Water Quality Section</attrdefs>
                <attrdomv>
                                        
                    
                    <edom>
                                                
                        
                        <edomv>TAR-PAMLICO</edomv>
                                                
                        
                        <edomvd>Feature in the Tar-Pamlico river basin</edomvd>
                                                
                        
                        <edomvds>CGIA</edomvds>
                                                
                    
                    </edom>
                                        
                
                </attrdomv>
                <attrdomv>
                                        
                    
                    <edom>
                                                
                        
                        <edomv>CAPE FEAR</edomv>
                                                
                        
                        <edomvd>Feature in the Cape Fear river basin</edomvd>
                                                
                        
                        <edomvds>CGIA</edomvds>
                                                
                    
                    </edom>
                                        
                
                </attrdomv>
                <attrdomv>
                                        
                    
                    <edom>
                                                
                        
                        <edomv>CHOWAN</edomv>
                                                
                        
                        <edomvd>Feature in the Chowan river basin</edomvd>
                                                
                        
                        <edomvds>CGIA</edomvds>
                                                
                    
                    </edom>
                                        
                
                </attrdomv>
                <attrdomv>
                                        
                    
                    <edom>
                                                
                        
                        <edomv>FRENCH BROAD</edomv>
                                                
                        
                        <edomvd>Feature in the French Broad river basin</edomvd>
                                                
                        
                        <edomvds>CGIA</edomvds>
                                                
                    
                    </edom>
                                        
                
                </attrdomv>
                <attrdomv>
                                        
                    
                    <edom>
                                                
                        
                        <edomv>NEUSE</edomv>
                                                
                        
                        <edomvd>Feature in the Neuse river basin</edomvd>
                                                
                        
                        <edomvds>CGIA</edomvds>
                                                
                    
                    </edom>
                                        
                
                </attrdomv>
                <attrdomv>
                                        
                    
                    <edom>
                                                
                        
                        <edomv>NEW</edomv>
                                                
                        
                        <edomvd>Feature in the New river basin</edomvd>
                                                
                        
                        <edomvds>CGIA</edomvds>
                                                
                    
                    </edom>
                                        
                
                </attrdomv>
                <attrdomv>
                                        
                    
                    <edom>
                                                
                        
                        <edomv>PASQUOTANK</edomv>
                                                
                        
                        <edomvd>Feature in the Pasquotank river basin</edomvd>
                                                
                        
                        <edomvds>CGIA</edomvds>
                                                
                    
                    </edom>
                                        
                
                </attrdomv>
                <attrdomv>
                                        
                    
                    <edom>
                                                
                        
                        <edomv>WHITE OAK</edomv>
                                                
                        
                        <edomvd>Feature in the White Oak river basin</edomvd>
                                                
                        
                        <edomvds>CGIA</edomvds>
                                                
                    
                    </edom>
                                        
                
                </attrdomv>
                <attrdomv>
                                        
                    
                    <edom>
                                                
                        
                        <edomv>BROAD</edomv>
                                                
                        
                        <edomvd>Feature in the Broad river basin</edomvd>
                                                
                        
                        <edomvds>CGIA</edomvds>
                                                
                    
                    </edom>
                                        
                
                </attrdomv>
                <attrdomv>
                                        
                    
                    <edom>
                                                
                        
                        <edomv>CATAWBA</edomv>
                                                
                        
                        <edomvd>Feature in the Catawba river basin</edomvd>
                                                
                        
                        <edomvds>CGIA</edomvds>
                                                
                    
                    </edom>
                                        
                
                </attrdomv>
                <attrdomv>
                                        
                    
                    <edom>
                                                
                        
                        <edomv>LITTLE TENNESSEE</edomv>
                                                
                        
                        <edomvd>Feature in the Little Tennessee river basin</edomvd>
                                                
                        
                        <edomvds>CGIA</edomvds>
                                                
                    
                    </edom>
                                        
                
                </attrdomv>
                <attrdomv>
                                        
                    
                    <edom>
                                                
                        
                        <edomv>HIWASSEE</edomv>
                                                
                        
                        <edomvd>Feature in the Hiwassee river basin</edomvd>
                                                
                        
                        <edomvds>CGIA</edomvds>
                                                
                    
                    </edom>
                                        
                
                </attrdomv>
                <attrdomv>
                                        
                    
                    <edom>
                                                
                        
                        <edomv>SAVANNAH</edomv>
                                                
                        
                        <edomvd>Feature in the Savannah river basin</edomvd>
                                                
                        
                        <edomvds>CGIA</edomvds>
                                                
                    
                    </edom>
                                        
                
                </attrdomv>
                <attrdomv>
                                        
                    
                    <edom>
                                                
                        
                        <edomv>YADKIN</edomv>
                                                
                        
                        <edomvd>Feature in the Yadkin river basin</edomvd>
                                                
                        
                        <edomvds>CGIA</edomvds>
                                                
                    
                    </edom>
                                        
                
                </attrdomv>
                <attrdomv>
                                        
                    
                    <edom>
                                                
                        
                        <edomv>LUMBER</edomv>
                                                
                        
                        <edomvd>Feature in the Lumber river basin</edomvd>
                                                
                        
                        <edomvds>CGIA</edomvds>
                                                
                    
                    </edom>
                                        
                
                </attrdomv>
                <attrdomv>
                                        
                    
                    <edom>
                                                
                        
                        <edomv>ROANOKE</edomv>
                                                
                        
                        <edomvd>Feature in the Roanoke river basin</edomvd>
                                                
                        
                        <edomvds>CGIA</edomvds>
                                                
                    
                    </edom>
                                        
                
                </attrdomv>
                <attrdomv>
                                        
                    
                    <edom>
                                                
                        
                        <edomv>WATAUGA</edomv>
                                                
                        
                        <edomvd>Feature in the Watauga river basin</edomvd>
                                                
                        
                        <edomvds>CGIA</edomvds>
                                                
                    
                    </edom>
                                        
                
                </attrdomv>
                <attrmfrq>None planned</attrmfrq>
            </attr>
            <attr>
                <attrlabl>SUBBASIN</attrlabl>
                <attrdef>Sub-basin number</attrdef>
                <attrdefs>NC DEQ-Div. Of Water Quality, Water Quality Section</attrdefs>
                <attrdomv>
                                        
                    
                    <udom>Values vary in length and number of words.</udom>
                                        
                
                </attrdomv>
                <attrmfrq>None planned</attrmfrq>
            </attr>
            <attr>
                <attrlabl>CGIA_FMS</attrlabl>
                <attrdef>Internal feature maintenance status</attrdef>
                <attrdefs>NC CGIA</attrdefs>
                <attrdomv>
                                        
                    
                    <edom>
                                                
                        
                        <edomv>1</edomv>
                                                
                        
                        <edomvd>Feature not originally on 1:000,000scale DLG base. Added to complete network for DEM stream system.</edomvd>
                                                
                        
                        <edomvds>NC CGIA</edomvds>
                                                
                    
                    </edom>
                                        
                
                </attrdomv>
                <attrdomv>
                                        
                    
                    <edom>
                                                
                        
                        <edomv>2</edomv>
                                                
                        
                        <edomvd>Feature modified from original delineation</edomvd>
                                                
                        
                        <edomvds>NC CGIA</edomvds>
                                                
                    
                    </edom>
                                        
                
                </attrdomv>
                <attrdomv>
                                        
                    
                    <edom>
                                                
                        
                        <edomv>Other values to be determined</edomv>
                                                
                        
                        <edomvd>Other values not currently recorded</edomvd>
                                                
                        
                        <edomvds>NC CGIA</edomvds>
                                                
                    
                    </edom>
                                        
                
                </attrdomv>
                <attrmfrq>None planned</attrmfrq>
            </attr>
            <attr>
                <attrlabl>DWQ_INDEX_</attrlabl>
                <attrdef>DWQ stream classification index number (ex: 9-53-1)</attrdef>
                <attrdefs>NC DEQ-Div of Water Quality, Water Quality Section</attrdefs>
                <attrdomv>
                                        
                    
                    <udom>Classification number used internally</udom>
                                        
                
                </attrdomv>
                <attrmfrq>None planned</attrmfrq>
            </attr>
            <attr>
                <attrlabl>DWQ_CLASS</attrlabl>
                <attrdef>DWQ stream classification (ex: WS-III)</attrdef>
                <attrdefs>NC DEQ-Div of Water Quality, Water Quality Section</attrdefs>
                <attrdomv>
                                        
                    
                    <edom>
                                                
                        
                        <edomv>WS-I</edomv>
                                                
                        
                        <edomvd>Waters protected as water supplies which are in natural and undeveloped watersheds</edomvd>
                                                
                        
                        <edomvds>NC DEQ-Div of Water Quality, Water Quality Section</edomvds>
                                                
                    
                    </edom>
                                        
                
                </attrdomv>
                <attrdomv>
                                        
                    
                    <edom>
                                                
                        
                        <edomv>WS-II</edomv>
                                                
                        
                        <edomvd>Waters protected as water supplies which are generally in predominantly undeveloped watersheds</edomvd>
                                                
                        
                        <edomvds>NC DEQ-Div of Water Quality, Water Quality Section</edomvds>
                                                
                    
                    </edom>
                                        
                
                </attrdomv>
                <attrdomv>
                                        
                    
                    <edom>
                                                
                        
                        <edomv>WS-III</edomv>
                                                
                        
                        <edomvd>Waters protected as water supplies which are generally in low to moderately developed watersheds</edomvd>
                                                
                        
                        <edomvds>NC DEQ-Div of Water Quality, Water Quality Section</edomvds>
                                                
                    
                    </edom>
                                        
                
                </attrdomv>
                <attrdomv>
                                        
                    
                    <edom>
                                                
                        
                        <edomv>WS-IV</edomv>
                                                
                        
                        <edomvd>Waters protected as water supplies which are generally in moderately to highly developed watersheds</edomvd>
                                                
                        
                        <edomvds>NC DEQ-Div of Water Quality, Water Quality Section</edomvds>
                                                
                    
                    </edom>
                                        
                
                </attrdomv>
                <attrdomv>
                                        
                    
                    <edom>
                                                
                        
                        <edomv>WS-V</edomv>
                                                
                        
                        <edomvd>Waters protected as water supplies which are generally upstream and draining to Class WS-IV waters</edomvd>
                                                
                        
                        <edomvds>NC DEQ-Div of Water Quality, Water Quality Section</edomvds>
                                                
                    
                    </edom>
                                        
                
                </attrdomv>
                <attrdomv>
                                        
                    
                    <edom>
                                                
                        
                        <edomv>B</edomv>
                                                
                        
                        <edomvd>Primary recreation and any other usage specified by the "C" classification</edomvd>
                                                
                        
                        <edomvds>NC DEQ-Div of Water Quality, Water Quality Section</edomvds>
                                                
                    
                    </edom>
                                        
                
                </attrdomv>
                <attrdomv>
                                        
                    
                    <edom>
                                                
                        
                        <edomv>C</edomv>
                                                
                        
                        <edomvd>Aquatic life propagation and survival, fishing, wildlife, secondary recreation, and agriculture</edomvd>
                                                
                        
                        <edomvds>NC DEQ-Div of Water Quality, Water Quality Section</edomvds>
                                                
                    
                    </edom>
                                        
                
                </attrdomv>
                <attrdomv>
                                        
                    
                    <edom>
                                                
                        
                        <edomv>SA</edomv>
                                                
                        
                        <edomvd>Shellfishing for market purposes and any other usage specified by the "SB" and "SC" classification</edomvd>
                                                
                        
                        <edomvds>NC DEQ-Div of Water Quality, Water Quality Section</edomvds>
                                                
                    
                    </edom>
                                        
                
                </attrdomv>
                <attrdomv>
                                        
                    
                    <edom>
                                                
                        
                        <edomv>SB</edomv>
                                                
                        
                        <edomvd>Primary recreation and any other usage specified by the "SC" classification</edomvd>
                                                
                        
                        <edomvds>NC DEQ-Div of Water Quality, Water Quality Section</edomvds>
                                                
                    
                    </edom>
                                        
                
                </attrdomv>
                <attrdomv>
                                        
                    
                    <edom>
                                                
                        
                        <edomv>SC</edomv>
                                                
                        
                        <edomvd>Aquatic life propagation and survival, fishing, wildlife, and secondary recreation</edomvd>
                                                
                        
                        <edomvds>NC DEQ-Div of Water Quality, Water Quality Section</edomvds>
                                                
                    
                    </edom>
                                        
                
                </attrdomv>
                <attrdomv>
                                        
                    
                    <edom>
                                                
                        
                        <edomv>Tr</edomv>
                                                
                        
                        <edomvd>Suitable for natural trout propagation and maintenance of stocked trout</edomvd>
                                                
                        
                        <edomvds>NC DEQ-Div of Water Quality, Water Quality Section</edomvds>
                                                
                    
                    </edom>
                                        
                
                </attrdomv>
                <attrdomv>
                                        
                    
                    <edom>
                                                
                        
                        <edomv>Sw</edomv>
                                                
                        
                        <edomvd>Waters which have low velocities and other natural characteristics which are different from adjacent streams</edomvd>
                                                
                        
                        <edomvds>NC DEQ-Div of Water Quality, Water Quality Section</edomvds>
                                                
                    
                    </edom>
                                        
                
                </attrdomv>
                <attrdomv>
                                        
                    
                    <edom>
                                                
                        
                        <edomv>HQW</edomv>
                                                
                        
                        <edomvd>High Quality Waters which are waters that are rated as excellent based on biological and physical/chemical characteristics through division monitoring or special studies; native and special native trout waters (and their tributaries) designated by the Wildlife Resources Commission; primary nursery areas (PNA) designated by the Marine Fisheries Commission and other functional nursery areas designated by the Wildlife Resources Commission; critical habitat areas designated by the Wildlife Resources Commission or the Department of Agriculture; all water supply watersheds which are either classified as WS-I or WS-II or those for which a formal petition for reclassification as WS-I or WS-II has been received from the appropriate local government and accepted by the Division of Water Quality; and all Class SA waters.</edomvd>
                                                
                        
                        <edomvds>NC DEQ-Div of Water Quality, Water Quality Section</edomvds>
                                                
                    
                    </edom>
                                        
                
                </attrdomv>
                <attrdomv>
                                        
                    
                    <edom>
                                                
                        
                        <edomv>NSW</edomv>
                                                
                        
                        <edomvd>Nutrient Sensitive Waters which require limitations on nutrient inputs</edomvd>
                                                
                        
                        <edomvds>NC DEQ-Div of Water Quality, Water Quality Section</edomvds>
                                                
                    
                    </edom>
                                        
                
                </attrdomv>
                <attrdomv>
                                        
                    
                    <edom>
                                                
                        
                        <edomv>ORW</edomv>
                                                
                        
                        <edomvd>Outstanding Resource Waters which are unique and special waters of exceptional state or national recreational or ecological significance which require special protection to maintain existing uses.</edomvd>
                                                
                        
                        <edomvds>NC DEQ-Div of Water Quality, Water Quality Section</edomvds>
                                                
                    
                    </edom>
                                        
                
                </attrdomv>
                <attrmfrq>As needed</attrmfrq>
            </attr>
            <attr>
                <attrlabl>DWQ_CLDATE</attrlabl>
                <attrdef>Date of last feature classification</attrdef>
                <attrdefs>NC DEQ-Div of Water Quality, Water Quality Section</attrdefs>
                <attrdomv>
                                        
                    
                    <udom>Variable by river basin</udom>
                                        
                
                </attrdomv>
                <attrmfrq>As needed</attrmfrq>
            </attr>
            <attr>
                <attrlabl>cl_length</attrlabl>
            </attr>
            <attr>
                <attrlabl>DESCRIP_CL</attrlabl>
                <attrdef>Description of classification stream reach beginning and end</attrdef>
                <attrdefs>NC DEQ-Div. Of Water Quality, Water Quality Section</attrdefs>
                <attrdomv>
                                        
                    
                    <udom>Varies in length and number of words</udom>
                                        
                
                </attrdomv>
                <attrmfrq>None planned</attrmfrq>
            </attr>
            <attr>
                <attrlabl>OBJECTID</attrlabl>
                <attrdef>Internal feature number.</attrdef>
                <attrdefs>ESRI</attrdefs>
                <attrdomv>
                                        
                    
                    <udom>Sequential unique whole numbers that are automatically generated.</udom>
                                        
                
                </attrdomv>
            </attr>
            <attr>
                <attrlabl>st_length(shape)</attrlabl>
            </attr>
        </detailed>
        <overview>
            <eaover>A polygon coverage depicting surface waters consisting of streams and rivers, lakes, ponds, reservoirs, and shorelines. The arc attribute table (AAT) arc length (linear meters), polygon internal identification number, polygon user identification number, a DWQ internal index number that relates to the identification of the stream, the stream's use support rating, the classification of the surface water, the river basin name, the name of the stream, the date the feature was last classified, the name of the USGS 1:100,000-scale river basin on which the feature is located, two DLG standard feature codes, and a CGIA feature type.
HWP.PAT  Polygon Attribute Table
COLUMN  ITEM NAME   WIDTH OUTPUT TYPE  DEC  DESCRIPTION
1      AREA            4     12     F      3     Total area in feet
5      PERIMETER       4     12     F      3     Total perimeter
9      HWP_            4      5     B      -     Poly internal
13     HWP_ID          4      5     B      -     Poly user id number
17     MINOR1          8     18     F      5     DLG standard code for feature
25     MINOR2          8     18     F      5     DLG standard code for feature
33     STREAM_NAM    100    100     C      -     Stream name as listed in DWQ Classification Guide
133    WATERBODY     100    100     C      -     Waterbody name as listed in DWQ Classification Guide
233    RIV_BASIN      20     20     C      -     River basin name
253    SUBBASIN        8     13     F      5     Identification number of subbasin
261    CGIA_FMS        8     18     F      0     Feature maintenance status
269    DWQ_INDEX_     25     25     C      -     DWQ stream classification index number (ex: 9-53-1)
296    DWQ_CLASS      15     15     C      -     DWQ stream classification
311    DWQ_CLDATE      8      8     C      -     Date of stream classification
319    DESCRIP_CL    170    170     C      -     Description of stream classification reach
489    COMMENT        60     60     C      -     Supplemental information</eaover>
            <eadetcit>Refer to source agency for published stream classification documents and use support methodolgy.</eadetcit>
        </overview>
    </eainfo>
    <distinfo>
        <distrib>
            <cntinfo>
                <cntorgp>
                    <cntorg>NC Center for Geographic Information and Analysis</cntorg>
                </cntorgp>
                <cntpos>Database Administration</cntpos>
                <cntaddr>
                    <addrtype>mailing</addrtype>
                    <address>20322 Mail Service Center</address>
                    <city>Raleigh</city>
                    <state>North Carolina</state>
                    <postal>27699</postal>
                    <country>US</country>
                </cntaddr>
                <cntvoice>919-754-6580</cntvoice>
                <cntfax>919-715-8551</cntfax>
                <cntemail>dataq@its.nc.gov</cntemail>
                <hours>8:30AM - 5:30PM</hours>
                <cntinst>Phone and electronic mail preferred</cntinst>
            </cntinfo>
        </distrib>
        <distliab>NCCGIA is charged with the development and maintenance of NC OneMap and, in cooperation with other mapping organizations, is committed to offering its users accurate, useful, and current information. Although every effort has been made to ensure the accuracy of information, errors and conditions originating from physical sources used to develop this dataset may be reflected in the data supplied. The user must be aware of possible conditions and bear responsibility for the appropriate use of the information with respect to possible errors, original map scale, collection methodology, currency of data, and other conditions specific to certain data. NCCGIA does not support secondary distribution of this dataset without its current, compliant metadata record. The use of trade names or commercial products does not constitute their endorsement by NCCGIA or North Carolina State Government.</distliab>
        <stdorder>
            <digform>
                <digtinfo>
                    <formname>ESRI shapefile (*.shp)</formname>
                </digtinfo>
                <digtopt>
                    <onlinopt>
                        <computer>
                            <networka>
                                <networkr>http://data.nconemap.gov/downloads/vector/hydromaj.zip</networkr>
                            </networka>
                        </computer>
                    </onlinopt>
                </digtopt>
            </digform>
            <fees>None. Download from http://www.nconemap.gov is free of charge.</fees>
        </stdorder>
    </distinfo>
    <metainfo>
        <metd>20220520</metd>
        <metc>
            <cntinfo>
                <cntorgp>
                    <cntorg>North Carolina Center for Geographic Information and Analysis</cntorg>
                    <cntper>David Giordano</cntper>
                </cntorgp>
                <cntpos>Database Administration</cntpos>
                <cntaddr>
                    <addrtype>mailing</addrtype>
                    <address>20322 Mail Service Center</address>
                    <city>Raleigh</city>
                    <state>North Carolina</state>
                    <postal>27699</postal>
                    <country>US</country>
                </cntaddr>
                <cntvoice>919-754-6580</cntvoice>
                <cntfax>919-715-8551</cntfax>
                <cntemail>dataq@its.nc.gov</cntemail>
                <hours>8am to 5pm</hours>
                <cntinst>Phone and electronic mail preferred</cntinst>
            </cntinfo>
        </metc>
        <metstdn>FGDC Content Standard for Digital Geospatial Metadata</metstdn>
        <metstdv>FGDC-STD-001-1998</metstdv>
        <mettc>local time</mettc>
        <metuc>This metadata file is to accompany the dataset. NCCGIA does not support secondary distribution of this dataset without its current, compliant metadata record. If the dataset described in this metadata record was received from anyone besides NCCGIA, this metadata and the dataset it describes may contain discrepancies.</metuc>
    </metainfo>
</metadata>
